{"cameraMode":{"drawMode":0,"name":"Shaded","section":"Shading Mode"},"sceneLighting":true,"audioPlay":false,"sceneViewState":{"showFog":true,"showMaterialUpdate":false,"showSkybox":true,"showFlares":true,"showImageEffects":true,"showParticleSystems":true},"in2DMode":false,"pivot":{"x":0.3636922836303711,"y":0.4309725761413574,"z":0.10698935389518738},"rotation":{"x":0.27563753724098208,"y":0.6770967245101929,"z":-0.3060353398323059,"w":0.6098412275314331},"size":6.103166580200195,"orthographic":false}