{"cameraMode":{"drawMode":0,"name":"Shaded","section":"Shading Mode"},"sceneLighting":true,"audioPlay":false,"sceneViewState":{"showFog":true,"showMaterialUpdate":false,"showSkybox":true,"showFlares":true,"showImageEffects":true,"showParticleSystems":true},"in2DMode":false,"pivot":{"x":-3.054323196411133,"y":-0.11801910400390625,"z":-1.28326416015625},"rotation":{"x":0.11953464150428772,"y":0.8605688810348511,"z":-0.4349777102470398,"w":0.23648935556411744},"size":44.390167236328128,"orthographic":false}